Name,Email,Tel,Joined
한예은,cdfyumnzp@naver.com,01047462084,2020.04.20
김하율,iybbescluj@gmail.com,01027065214,2024.08.23
강지우,iukayfl@gmail.com,01097621501,2022.07.21
김서연,tlpthkexr@naver.com,01067559619,2021.07.08
임수진,tcysal@gmail.com,01079017791,2018.06.10
신준우,telomftxtd@gmail.com,01025908420,2023.06.22
류하은,wlncioqw@gmail.com,01032069039,2020.07.11
권영호,peqxqwz@gmail.com,01006652145,2024.06.09
강영호,xgjovy@gmail.com,01011728958,2018.09.22
류서윤,shyrt@daum.net,01056578042,2023.02.08
전예은,ocwbyjdgp@daum.net,01003735114,2019.02.22
최준호,jmnrkwkay@gmail.com,01063888066,2021.12.08
강현우,chyvdv@gmail.com,01047655850,2022.09.10
전지후,wgwelxhciz@naver.com,01088185771,2019.04.21
김서연,bvhtjoe@gmail.com,01027986830,2022.01.15
박지우,yeyuk@gmail.com,01099918827,2022.08.09
권현준,irszyb@naver.com,01068124268,2015.08.01
안현우,wpfxoiqt@gmail.com,01047618646,2017.09.20
강서연,jrhmhil@naver.com,01041930767,2025.01.31
장예은,hqpnma@gmail.com,01000318994,2017.05.18
신지민,wmzbvblyeh@gmail.com,01030346964,2019.09.06
김하율,cxaxhw@naver.com,01037901272,2016.08.22
신시우,vuhwscwzr@daum.net,01054692538,2015.02.12
전서영,unbwsiqngw@gmail.com,01084073306,2021.01.07
강영호,ausjvsvtyl@gmail.com,01022148360,2017.12.01
황예은,hekzrtwdim@daum.net,01058732123,2025.10.07
신지민,ndygonr@gmail.com,01003331347,2022.10.18
신민수,kyweutga@daum.net,01037732410,2016.07.07
한하율,noupk@naver.com,01028049647,2018.10.13
황하은,xdbvw@gmail.com,01072746995,2025.05.30
임준우,qowskqaag@naver.com,01068425082,2023.05.17
조서윤,ketnti@naver.com,01042461523,2024.05.30
류준호,brdbmvfg@gmail.com,01088707692,2020.07.30
권지우,pjycbkg@daum.net,01082927324,2021.04.26
윤민재,ikypl@gmail.com,01046102428,2016.08.19
류현준,fethb@gmail.com,01028739810,2016.10.31
임민수,ikvhabx@naver.com,01005262171,2019.03.25
김시우,mutmbfor@naver.com,01008867199,2020.09.13
서지우,nvlvaeaeek@daum.net,01076379876,2022.03.01
송민수,uyjijpu@daum.net,01028466036,2018.02.09
오현우,jxxednted@daum.net,01028512961,2017.10.02
조영호,dnlreor@naver.com,01066520928,2017.11.22
서하율,svqwgu@daum.net,01006190052,2024.11.19
한지아,imswetzkq@naver.com,01064692500,2015.05.30
안예은,bdqdm@gmail.com,01082678061,2021.02.25
임예은,dwawrhhs@gmail.com,01084190195,2018.11.25
신지후,qyhgioe@gmail.com,01011019106,2019.10.05
이하은,mtwmexrc@naver.com,01099442888,2021.08.26
김지후,mhqznmf@naver.com,01020034309,2018.01.09
임준우,euhzlclkuj@gmail.com,01058338566,2015.09.17
최수진,wdwzmvlrhv@gmail.com,01089935419,2024.03.13
정지우,eptdadwgp@gmail.com,01065622039,2020.09.23
안서윤,gfptt@gmail.com,01006537022,2019.02.20
윤준호,zogflbog@gmail.com,01065530195,2020.01.12
임지우,joleroe@gmail.com,01005399969,2020.04.13
정지우,pxjirxu@gmail.com,01002728634,2025.01.17
윤지민,nwerhonnzk@gmail.com,01086323701,2016.06.10
한하은,nvwpw@naver.com,01037802729,2018.11.05
장지후,mykvvaiid@gmail.com,01049537117,2020.08.30
김지아,urlkks@gmail.com,01067615768,2022.05.31
전영호,infki@naver.com,01070643234,2017.11.28
서현준,zejwuebrh@gmail.com,01066143983,2016.06.30
윤지민,oixiea@daum.net,01056785473,2024.10.22
조준호,mvbtkp@gmail.com,01013241016,2015.11.09
신서영,mwcya@gmail.com,01034824623,2018.07.02
송서연,xjxdmjdb@gmail.com,01049548769,2017.01.21
최영호,iavcuincvz@naver.com,01018371129,2023.04.18
임지우,zqxvvp@daum.net,01015170995,2016.04.17
임지우,ngewjcwyko@daum.net,01076259993,2021.10.02
장수진,mnhvfmq@daum.net,01060425999,2025.09.04
류도현,zdsijrcovb@gmail.com,01091022518,2018.07.30
서현준,okpeb@gmail.com,01042600487,2023.06.08
장현준,ysbod@naver.com,01062418825,2017.08.18
권준우,uzvgid@gmail.com,01023120560,2018.11.19
오지민,cgppu@naver.com,01028709302,2015.10.27
장수진,ngvvk@naver.com,01045828869,2020.02.09
전지민,bfdlpgyiwc@daum.net,01016400763,2023.02.28
조영호,gounxou@naver.com,01016090325,2017.11.07
최지후,gclobg@naver.com,01053091752,2021.08.12
강서영,turnt@gmail.com,01065017737,2023.12.08
오영호,wuykkaoe@daum.net,01040326783,2019.03.09
전준우,atmgulh@naver.com,01055628972,2024.05.02
송지후,hhwyxjxmxh@daum.net,01070287295,2024.03.10
조수진,cpvarcd@gmail.com,01025380995,2018.03.29
서준우,ephxwqhlqw@naver.com,01026002558,2019.04.04
장현우,wvtycxvhi@gmail.com,01085799385,2015.08.13
오현준,ewtmejb@gmail.com,01066031170,2024.10.09
이준우,vxkrs@daum.net,01093986092,2024.07.29
황현우,fwfmxubt@naver.com,01001240074,2023.08.10
류지아,epotadmln@daum.net,01043786834,2017.11.28
송서영,bucmsgt@daum.net,01071826112,2016.08.26
안현우,vnlnigo@daum.net,01034067580,2023.12.23
한서연,rsuhw@naver.com,01034390422,2020.10.15
신하율,pskvo@gmail.com,01087450981,2019.02.12
조예은,dchjcc@gmail.com,01034354282,2024.02.13
강영호,dokjzht@naver.com,01043580029,2025.06.17
윤하율,jrjkodnsbs@naver.com,01051388370,2025.06.26
권하은,piysfjjkq@daum.net,01032730017,2024.12.27
박현우,frykilnv@daum.net,01088148913,2019.12.16
김지후,roahvsdf@gmail.com,01077945970,2021.09.23